Marca;;#;;Codigo;;Reff;;Descripcion;;Inv;;Foto
SIDERURGICO;;1;;1111001;;null;;ALAMBRON ESTRIADO 4.00MMX6MTS;;921;;
SIDERURGICO;;2;;1111017;;0007;;ALAMBRON ESTRIADO 4.50MMX6MTS;;738;;
SIDERURGICO;;3;;1111009;;0216;;ALAMBRON ESTRIADO 5.00MMX6MTS;;6;;
SIDERURGICO;;4;;1111002;;0009;;ALAMBRON ESTRIADO 5.20MMX6MTS;;9;;
SIDERURGICO;;5;;1111003;;0010;;ALAMBRON ESTRIADO 6.00MMX6MTS;;231;;
SIDERURGICO;;6;;1111007;;0011;;ALAMBRON ESTRIADO 7.00MMX6MTS;;554;;
SIDERURGICO;;7;;1111010;;0012;;ALAMBRON ESTRIADO 8.00MMX6MTS;;23;;
SIDERURGICO;;8;;1111018;;0013;;ALAMBRON ESTRIADO 9.00MMX6MTS;;2;;
SIDERURGICO;;9;;1112000;;null;;ALAMBRON LISO 4.5MMX6MTS;;68;;
SIDERURGICO;;10;;1112001;;null;;ALAMBRON LISO 5.0MMX6MTS;;62;;
SIDERURGICO;;11;;1112004;;null;;ALAMBRON LISO 7.0MMX6MTS;;6;;
SIDERURGICO;;12;;1106007;;000120;;ANGULO H.N. 20MMX20MMX2.50MMX6MTS (3/4"X3/4");;2;;
SIDERURGICO;;13;;1106001;;null;;ANGULO H.N. 20MMX20MMX3MMX6MTS (3/4"X3/4");;98;;
SIDERURGICO;;14;;1106002;;000010;;ANGULO H.N. 25MMX25MMX3MMX6MTS (1"X1");;86;;
SIDERURGICO;;15;;1106003;;000020/ANGULSID3036;;ANGULO H.N. 30MMX30MMX3MMX6MTS (1-1/4"X1-1/4");;178;;
SIDERURGICO;;16;;1106004;;103020006;;ANGULO H.N. 40MMX40MMX3MMX6MTS (1-1/2"X1-1/2");;78;;
SIDERURGICO;;17;;1106005;;null;;ANGULO H.N. 40MMX40MMX4MMX6MTS (1-1/2"X1-1/2");;65;;
SIDERURGICO;;18;;1106006;;000040;;ANGULO H.N. 50MMX50MMX4MMX6MTS (2"X2");;44;;
SIDERURGICO;;19;;1106011;;null;;ANGULO H.N. 65MMX65MMX6MMX6MTS (2-1/2"X2-1/2");;1;;
SIDERURGICO;;20;;1105005;;HBA126;;BARRA CUADRADA ACANALADA 12MM 1/2"X6MTS;;213;;
SIDERURGICO;;21;;1105001;;40000100;;BARRA CUADRADA LISA 1/2" 12MMX6MTS SIZUCA;;501;;
SIDERURGICO;;22;;1105002;;HBC166;;BARRA CUADRADA LISA 16MM 5/8"X6MTS;;14;;
SIDERURGICO;;23;;1105008;;null;;BARRA CUADRADA LISA 9MMX6MTS;;109;;
SIDERURGICO;;24;;1105007;;null;;BARRA CUADRADA TORNEADA 12MM 1/2"X6MTS;;95;;
SIDERURGICO;;25;;1111022;;40000139;;BARRA DE ACERO CON RESALTE S-40 9MM X 6MTS SIZUCA;;377;;
SIDERURGICO;;26;;1111013;;null;;BARRA DE ACERO CON RESALTE S-60 10MM X 12MTS SIZUCA;;3;;
SIDERURGICO;;27;;1111021;;10-67-001;;BARRA DE ACERO CON RESALTE S-60 12MM X 12MTS SIDOR;;472;;
SIDERURGICO;;28;;1111014;;null;;BARRA DE ACERO CON RESALTE S-60 12MM X 12MTS SIZUCA;;37;;
SIDERURGICO;;29;;1111024;;null;;BARRA DE ACERO CON RESALTE S-60 12MM X 6MTS SIDOR;;1;;
SIDERURGICO;;30;;1111016;;40000045;;BARRA DE ACERO CON RESALTE S-60 12MM X 6MTS SIZUCA;;5;;
SIDERURGICO;;31;;1111015;;null;;BARRA DE ACERO CON RESALTE S-60 16MM X 12MTS SIZUCA;;655;;
SIDERURGICO;;32;;1111019;;null;;BARRA DE ACERO CON RESALTE S-60 16MM X 6MTS SIZUCA;;88;;
SIDERURGICO;;33;;1111023;;40000011;;BARRA DE ACERO CON RESALTE S-60 20MM X 12MTS SIZUCA;;33;;
SIDERURGICO;;34;;1104001;;40000038;;BARRA REDONDA LISA 1/2" 12MMX6MTS SIZUCA;;858;;
SIDERURGICO;;35;;1104002;;0009;;BARRA REDONDA LISA 10MM 3/8"X6MTS;;84;;
SIDERURGICO;;36;;1104006;;10402004;;BARRA REDONDA LISA 16MM 5/8"X6MTS;;208;;
SIDERURGICO;;37;;1104003;;3191;;BARRA REDONDA LISA 20MM 3/4"X6MTS;;160;;
SIDERURGICO;;38;;1104005;;10402001;;BARRA REDONDA LISA 9MM"X6MTS;;38;;
SIDERURGICO;;39;;1118002;;0080;;CERCHA C-10 X 6MTS;;1218;;
SIDERURGICO;;40;;1118003;;0081;;CERCHA C-15 X 6MTS;;531;;
SIDERURGICO;;41;;1121010;;LNV27400;;LAMINA ACEROLIT ONDULADO 4MTS. VENCOR;;1;;
SIDERURGICO;;42;;1121014;;TNV27400;;LAMINA ACEROLIT TRAPEZOIDAL 4MTS VENCOR;;4;;
SIDERURGICO;;43;;1121008;;P129;;LAMINA ALUMINIO ONDULADO ANCHO 12X0.70X3.66MTS (12 PIES);;36;;
SIDERURGICO;;44;;1101015;;LSINOXSTUC03010;;LAMINA ALUMINIO TRAPEZOIDAL SINOXRAL STUCCO 0.30MMX1050X6MTS;;70;;
SIDERURGICO;;45;;1121054;;10111017;;LAMINA GALVANIZADA ACANALADA 0.40X1080X3.66MTS;;50;;
SIDERURGICO;;46;;1121055;;10111036;;LAMINA GALVANIZADA ACANALADA 0.40X1080X6.00MTS;;83;;
SIDERURGICO;;47;;1114035;;null;;LAMINA H.N ESTRIADA 2,40X1,00 (2.00MM);;19;;
SIDERURGICO;;48;;1114028;;10105002;;LAMINA H.N ESTRIADA 2,40X1,00 (3.00MM);;49;;
SIDERURGICO;;49;;1114027;;null;;LAMINA H.N ESTRIADA 2,40X1,00 (4.00MM);;27;;
SIDERURGICO;;50;;1114030;;null;;LAMINA H.N ESTRIADA 2,40X1,20 (6.00MM);;6;;
SIDERURGICO;;51;;1114011;;null;;LAMINA H.N. 2 X 1 (2.50MM);;30;;
SIDERURGICO;;52;;1114018;;null;;LAMINA H.N. 2,40X1,20 (10.00MM.);;1;;
SIDERURGICO;;53;;1114012;;null;;LAMINA H.N. 2,40X1,20 (2.00MM);;26;;
SIDERURGICO;;54;;1114025;;null;;LAMINA H.N. 2,40X1,20 (2.25MM);;13;;
SIDERURGICO;;55;;1114023;;45;;LAMINA H.N. 2,40X1,20 (2.50MM);;26;;
SIDERURGICO;;56;;1114026;;null;;LAMINA H.N. 2,40X1,20 (3.00MM);;31;;
SIDERURGICO;;57;;1114003;;HLN51224;;LAMINA H.N. 2,40X1,20 (5.00MM);;10;;
SIDERURGICO;;58;;1114016;;null;;LAMINA H.N. 2,40X1,20 (6.00MM);;3;;
SIDERURGICO;;59;;1114017;;null;;LAMINA H.N. 2,40X1,20 (8.00MM.);;4;;
SIDERURGICO;;60;;1114024;;null;;LAMINA H.N. 2,40X1,20 (9.00MM.);;2;;
SIDERURGICO;;61;;1114001;;80;;LAMINA H.N. 2X1 (2,00MM.);;44;;
SIDERURGICO;;62;;1114002;;null;;LAMINA H.N. 2X1 (3,00MM.);;20;;
SIDERURGICO;;63;;1113030;;null;;LAMINA H.P CAL 14 2,00X1,00 (1.90);;24;;
SIDERURGICO;;64;;1113007;;000020;;LAMINA H.P CAL 16 1.00X2.00 (1.50);;10;;
SIDERURGICO;;65;;1113013;;null;;LAMINA H.P CAL 18 2,40X1,20 (1.20);;49;;
SIDERURGICO;;66;;1113021;;LF110G;;LAMINA H.P CAL 19 2,40X1,20 (1.10);;2;;
SIDERURGICO;;67;;1113011;;null;;LAMINA H.P CAL 20 2,40X1,20 (0.90);;5;;
SIDERURGICO;;68;;1113003;;10101007;;LAMINA H.P CAL 20 2X1 (0.90);;1;;
SIDERURGICO;;69;;1113033;;null;;LAMINA H.P CAL 21 2,40X1,20 (0.80);;35;;
SIDERURGICO;;70;;1113020;;null;;LAMINA H.P CAL 22 2X1 (0.70);;92;;
SIDERURGICO;;71;;1113001;;null;;LAMINA H.P CAL 24 2.00X1.00 (0.60);;69;;
SIDERURGICO;;72;;1113029;;null;;LAMINA H.P GALVANIZADA CAL 14 1.20X2.40 (1.90);;10;;
SIDERURGICO;;73;;1113023;;null;;LAMINA H.P GALVANIZADA CAL 16 2,40X1,20 (1.50);;16;;
SIDERURGICO;;74;;1113027;;10110073;;LAMINA H.P GALVANIZADA CAL 19 1.20X2.40 (1.10);;6;;
SIDERURGICO;;75;;1113032;;10110084;;LAMINA H.P GALVANIZADA CAL 19 2,00X1,00 (1.10);;30;;
SIDERURGICO;;76;;1113018;;null;;LAMINA H.P GALVANIZADA CAL 20 2,40X1,20 (0.90);;33;;
SIDERURGICO;;77;;1113031;;10110014;;LAMINA H.P GALVANIZADA CAL 22 2,00X1,00 (0.70);;40;;
SIDERURGICO;;78;;1113019;;null;;LAMINA H.P GALVANIZADA CAL 22 2,40X1,20 (0.70);;59;;
SIDERURGICO;;79;;1113025;;10110060;;LAMINA H.P GALVANIZADA CAL 24 1.20X2.40 (0.60);;56;;
SIDERURGICO;;80;;1113016;;null;;LAMINA H.P GALVANIZADA CAL 26 2,40X1,20 (0.40);;20;;
SIDERURGICO;;81;;1121057;;null;;LAMINA LOSACERO 0.45X800X6.10MTS IMPORT;;92;;
SIDERURGICO;;82;;1121047;;null;;LAMINA LOSACERO 0.60X800X6.10MTS IMPORT;;42;;
SIDERURGICO;;83;;1121033;;null;;LAMINA LOSACERO 0.60X910X6.10MTS;;2;;
SIDERURGICO;;84;;1121042;;null;;LAMINA LOSACERO 0.70X780X6.10MTS ALT 1.5";;7;;
SIDERURGICO;;85;;1121028;;10127023;;LAMINA LOSACERO 0.70X910X6.10MTS;;15;;
SIDERURGICO;;86;;1121043;;null;;LAMINA LOSACERO 0.90X780X6.10MTS ALT 1.5";;14;;
SIDERURGICO;;87;;1121060;;10127044;;LAMINA LOSACERO LIVIANO 780X4.10MTS ALT 1.5";;60;;
SIDERURGICO;;88;;1121058;;null;;LAMINA LOSACERO LIVIANO 780X5.10MTS ALT 1.5";;20;;
SIDERURGICO;;89;;1121041;;null;;LAMINA LOSACERO LIVIANO 780X6.10MTS ALT 1.5";;69;;
SIDERURGICO;;90;;1121029;;10127011;;LAMINA LOSACERO LIVIANO 910X6.10MTS;;36;;
SIDERURGICO;;91;;1121015;;MRR27366;;LAMINA MILTEJAS 4 MTS ROJO VENCOR;;28;;
SIDERURGICO;;92;;1126015;;null;;LAMINA P/SANTA MARIA DE HIERRO 110X0.60X6.10MTS;;210;;
SIDERURGICO;;93;;1126010;;null;;LAMINA P/SANTA MARIA DE HIERRO 110X0.70X6.10MTS;;275;;
SIDERURGICO;;94;;1126011;;null;;LAMINA P/SANTA MARIA DE HIERRO CANAL ANCHO 110X0.70X6.10MTS;;66;;
SIDERURGICO;;95;;1126014;;null;;LAMINA P/SANTA MARIA GALVANIZADA 110X0.70X6.10MTS;;96;;
SIDERURGICO;;96;;1126012;;PERFSANTLISO;;LAMINA P/SANTA MARIA LISA GALV 110X0.70X6MTS;;25;;
SIDERURGICO;;97;;1126013;;PERFSANTPERF;;LAMINA P/SANTA MARIA MICROPERFORADO GALV 110X0.70X6MTS;;74;;
SIDERURGICO;;98;;1126009;;00001135;;LAMINA P/SANTA MARIA PLANA DE HIERRO 60X0.70X6MTS.;;62;;
SIDERURGICO;;99;;1121051;;null;;LAMINA P/TECHO AZUL 0.30X1.05X6MTS;;100;;
SIDERURGICO;;100;;1121050;;null;;LAMINA P/TECHO NATURAL 0.30X1.05X6MTS;;119;;
SIDERURGICO;;101;;1121052;;null;;LAMINA P/TECHO ROJO 0.30X1.05X6MTS;;50;;
SIDERURGICO;;102;;1121030;;null;;LAMINA POLIPROPILENO ONDULADO VERDE 3.66MTS TECHOLIT;;1;;
SIDERURGICO;;103;;1121059;;10131001E;;LAMINA TRASLUCIDA ACANALADA 1.00X830X6.00MTS;;20;;
SIDERURGICO;;104;;1121053;;10131000E;;LAMINA TRASLUCIDA ONDULADA 1.00X1050X3.66MTS;;12;;
SIDERURGICO;;105;;1121046;;null;;LAMINA ZINC ONDULADO 0.16X800X2.44MTS (8 PIES);;14;;
SIDERURGICO;;106;;1121019;;null;;LAMINA ZINC ONDULADO 0.17X800X3.66MTS (12 PIES);;977;;
SIDERURGICO;;107;;1121040;;30265;;LAMINA ZINC ONDULADO 0.17X820X3.60MTS (12 PIES);;2;;
SIDERURGICO;;108;;1121026;;10111049;;LAMINA ZINC ONDULADO 0.17X830X3.05MTS (10 PIES);;1;;
SIDERURGICO;;109;;1121048;;null;;LAMINA ZINC ONDULADO 0.20X800X3.66MTS (12 PIES) IMPORT;;725;;
SIDERURGICO;;110;;1121005;;null;;LAMINA ZINC ONDULADO 0.26X800X3.05MTS (10 PIES);;1;;
SIDERURGICO;;111;;1121027;;10111031;;LAMINA ZINC ONDULADO 0.30X830X3.66MTS (12 PIES);;1;;
SIDERURGICO;;112;;1121061;;null;;LAMINA ZINC ONDULADO AZUL 0.20X810X3.66MTS (12 PIES);;839;;
SIDERURGICO;;113;;1121045;;null;;LAMINA ZINC ONDULADO AZUL 0.25X810X3.66MTS (12 PIES);;176;;
SIDERURGICO;;114;;1121062;;null;;LAMINA ZINC ONDULADO ECO 0.14X810X3.66MTS (12 PIES);;298;;
SIDERURGICO;;115;;1121001;;10115018;;LAMINA ZINC ONDULADO GALVALUME 0.17X800X2.44MTS (8 PIES);;8;;
SIDERURGICO;;116;;1121002;;10115017;;LAMINA ZINC ONDULADO GALVALUME 0.17X800X3.00MTS (10 PIES);;145;;
SIDERURGICO;;117;;1121044;;null;;LAMINA ZINC ONDULADO GALVALUME 0.17X830X3.05MTS (10 PIES);;1;;
SIDERURGICO;;118;;1121032;;null;;LAMINA ZINC ONDULADO GALVALUME 0.17X830X3.66MTS (12 PIES);;12;;
SIDERURGICO;;119;;1121056;;null;;LAMINA ZINC ONDULADO NARANJA 0.20X810X3.66MTS (12 PIES);;92;;
SIDERURGICO;;120;;1115003;;null;;MALLA SEN-SEN FRIO 2.00X0.50MTS IMP;;426;;
SIDERURGICO;;121;;1110001;;0059;;MALLA TRUCKSON 6X6X100MTS2;;1;;
SIDERURGICO;;122;;1120009;;null;;PERFIL GUIA P/SANTA MARIA 2X1X2X2MMX6MTS;;72;;
SIDERURGICO;;123;;1120003;;10801001;;PERFIL MARCO P/PUERTA 100MMX0.90X5.15MTS;;36;;
SIDERURGICO;;124;;1120020;;null;;PERFIL MARCO P/PUERTA 120MMX0.90X5.15MTS;;84;;
SIDERURGICO;;125;;1120004;;10801003;;PERFIL MARCO P/PUERTA 150MMX0.90X5.15MTS;;423;;
SIDERURGICO;;126;;1120001;;80;;PERFIL MARCO P/VENTANA RECTO 100MMX0.90X5.15MTS;;168;;
SIDERURGICO;;127;;1120002;;10802002;;PERFIL MARCO P/VENTANA RECTO 150MMX0.90X5.15MTS;;82;;
SIDERURGICO;;128;;1120005;;null;;PERFIL ONGE 1-1/4"X1.50MMX6MTS;;25;;
SIDERURGICO;;129;;1120006;;10807002;;PERFIL ONGE 2"X2.00MMX6MTS;;38;;
SIDERURGICO;;130;;1120013;;10807001;;PERFIL ONGE 2"X2.20MMX6MTS;;31;;
SIDERURGICO;;131;;1120008;;000030;;PERFIL VIGUETA "U" 1"X2"X1"X2.00MMX6MTS;;41;;
SIDERURGICO;;132;;1120010;;null;;PERFIL VIGUETA "U" 1X2X1X2.20MMX6MTS;;39;;
SIDERURGICO;;133;;1120011;;null;;PERFIL VIGUETA "U" 1X2X1X2.50MMX6MTS;;3;;
SIDERURGICO;;134;;1116026;;10808002;;PISA VIDRIO 1/2"X0.90X6MTS;;76;;
SIDERURGICO;;135;;1125021;;null;;PLETINA 1-1/2"X1/4"X6MTS PERF H/RED 5/8";;38;;
SIDERURGICO;;136;;1125009;;null;;PLETINA 1-1/2"X3/16"X3MTS PERF H/CUAD 5/8";;2;;
SIDERURGICO;;137;;1125008;;null;;PLETINA 1-1/2"X3/16"X3MTS PERF H/RED 5/8";;2;;
SIDERURGICO;;138;;1125018;;10205028;;PLETINA 1-1/2"X3/16"X6MTS PERF H/CUAD 1/2";;17;;
SIDERURGICO;;139;;1125020;;null;;PLETINA 1-1/2"X3/16"X6MTS PERF H/CUAD 5/8";;38;;
SIDERURGICO;;140;;1125017;;10204030;;PLETINA 1-1/2"X3/16"X6MTS PERF H/RED 1/2";;42;;
SIDERURGICO;;141;;1125019;;null;;PLETINA 1-1/2"X3/16"X6MTS PERF H/RED 5/8";;27;;
SIDERURGICO;;142;;1125022;;null;;PLETINA 1-1/4"X1/4"X6MTS PERF H/RED 5/8";;50;;
SIDERURGICO;;143;;1125016;;null;;PLETINA 1-1/4"X3/16"X3MTS PERF H/CUAD 5/8";;9;;
SIDERURGICO;;144;;1125015;;null;;PLETINA 1-1/4"X3/16"X3MTS PERF H/RED 5/8";;8;;
SIDERURGICO;;145;;1125003;;10205026;;PLETINA 1-1/4"X3/16"X6MTS PERF H/CUAD 1/2";;64;;
SIDERURGICO;;146;;1125024;;10204028;;PLETINA 1-1/4"X3/16"X6MTS PERF H/RED 1/2";;49;;
SIDERURGICO;;147;;1125004;;null;;PLETINA 1-1/4"X3/16"X6MTS PERF H/RED 5/8";;56;;
SIDERURGICO;;148;;1107009;;null;;PLETINA H.N 1"X1/4"X6MTS;;71;;
SIDERURGICO;;149;;1107007;;000080;;PLETINA H.N 1"X1/8"X6MTS;;150;;
SIDERURGICO;;150;;1107008;;000090;;PLETINA H.N 1"X3/16"X6MTS;;48;;
SIDERURGICO;;151;;1107001;;null;;PLETINA H.N 1/2"X1/8"X6MTS;;216;;
SIDERURGICO;;152;;1107020;;000060;;PLETINA H.N 1/2"X2MMX6MTS;;1;;
SIDERURGICO;;153;;1107002;;null;;PLETINA H.N 1/2"X3/16"X6MTS;;82;;
SIDERURGICO;;154;;1107015;;10202020;;PLETINA H.N 1-1/2"X1/4"X6MTS;;58;;
SIDERURGICO;;155;;1107013;;000080;;PLETINA H.N 1-1/2"X1/8"X6MTS;;101;;
SIDERURGICO;;156;;1125023;;000100/PL1123166;;PLETINA H.N 1-1/2"X3/16X6MTS;;31;;
SIDERURGICO;;157;;1107012;;10202019;;PLETINA H.N 1-1/4"X1/4"X6MTS;;82;;
SIDERURGICO;;158;;1107010;;null;;PLETINA H.N 1-1/4"X1/8"X6MTS;;131;;
SIDERURGICO;;159;;1107011;;136;;PLETINA H.N 1-1/4"X3/16"X6MTS;;73;;
SIDERURGICO;;160;;1107022;;000110;;PLETINA H.N 2"X1/4"X6MTS;;30;;
SIDERURGICO;;161;;1107016;;null;;PLETINA H.N 2"X1/8"X6MTS;;61;;
SIDERURGICO;;162;;1107017;;null;;PLETINA H.N 2"X3/16"X6MTS;;23;;
SIDERURGICO;;163;;1107005;;null;;PLETINA H.N 3/4"X1/8"X6MTS;;130;;
SIDERURGICO;;164;;1107006;;P3416;;PLETINA H.N 3/4"X3/16"X6MTS;;109;;
SIDERURGICO;;165;;1107019;;null;;PLETINA H.N 65MMX6MMX6MTS;;4;;
SIDERURGICO;;166;;1130005;;0070103;;RESORTE P/STA MARIA 60X1.5MMXMTS;;63;;
SIDERURGICO;;167;;1116021;;null;;TUBO CUADRADO 1"X1"X0.70X6MTS;;81;;
SIDERURGICO;;168;;1116001;;5080885;;TUBO CUADRADO 1"X1"X0.80X6MTS;;248;;
SIDERURGICO;;169;;1116002;;000060;;TUBO CUADRADO 1"X1"X0.90X6MTS;;36;;
SIDERURGICO;;170;;1116004;;null;;TUBO CUADRADO 1"X1"X1.00X6MTS;;87;;
SIDERURGICO;;171;;1116005;;null;;TUBO CUADRADO 1"X1"X1.20X6MTS;;104;;
SIDERURGICO;;172;;1116006;;null;;TUBO CUADRADO 1"X1"X1.50X6MTS;;7;;
SIDERURGICO;;173;;1116030;;10702009;;TUBO CUADRADO 1"X1"X2.00X6MTS;;99;;
SIDERURGICO;;174;;1116025;;10701127;;TUBO CUADRADO 1/2"X1/2"X0.70X6MTS;;182;;
SIDERURGICO;;175;;1116027;;null;;TUBO CUADRADO 1/2"X1/2"X0.80X6MTS;;266;;
SIDERURGICO;;176;;1116022;;000110;;TUBO CUADRADO 1/2X1/2X0.90X6MTS;;48;;
SIDERURGICO;;177;;1116024;;10701141;;TUBO CUADRADO 1-1/2"X1-1/2"X0.80X6MTS;;78;;
SIDERURGICO;;178;;1116009;;000020;;TUBO CUADRADO 1-1/2"X1-1/2"X0.90X6MTS;;42;;
SIDERURGICO;;179;;1116020;;null;;TUBO CUADRADO 1-1/2"X1-1/2"X1.20MMX6MTS;;1;;
SIDERURGICO;;180;;1116007;;null;;TUBO CUADRADO 1-1/4"X1-1/4"X0.90X6MTS;;61;;
SIDERURGICO;;181;;1116028;;null;;TUBO CUADRADO 2"X2"X0.70X6MTS;;3;;
SIDERURGICO;;182;;1116011;;10701066;;TUBO CUADRADO 2"X2"X0.90X6MTS;;22;;
SIDERURGICO;;183;;1116012;;null;;TUBO CUADRADO 2"X2"X1.10X6MTS;;17;;
SIDERURGICO;;184;;1116031;;10701121;;TUBO CUADRADO 2"X2"X1.20X6MTS;;27;;
SIDERURGICO;;185;;1116018;;null;;TUBO CUADRADO 2"X2"X2.20X6MTS;;1;;
SIDERURGICO;;186;;1116032;;10702083;;TUBO CUADRADO 2"X2"X2.25X6MTS;;13;;
SIDERURGICO;;187;;1116019;;null;;TUBO CUADRADO 3"X3"X2.00MMX6MTS;;12;;
SIDERURGICO;;188;;1116023;;000030;;TUBO CUADRADO 3/4X3/4X0.80X6MTS;;55;;
SIDERURGICO;;189;;1116003;;null;;TUBO CUADRADO 3/4X3/4X0.90X6MTS;;176;;
SIDERURGICO;;190;;1116029;;10701012;;TUBO CUADRADO 4"X4"X1.50X6MTS;;18;;
SIDERURGICO;;191;;1108005;;null;;TUBO ESTRUCTURAL CUAD 110X110X3.40MMX6MTS;;4;;
SIDERURGICO;;192;;1108004;;null;;TUBO ESTRUCTURAL CUAD 40X40X2.00MMX6MTS;;28;;
SIDERURGICO;;193;;1108026;;null;;TUBO ESTRUCTURAL CUAD 60X60X2.20MMX6MTS;;36;;
SIDERURGICO;;194;;1108003;;16;;TUBO ESTRUCTURAL CUAD 90X90X2.50MMX6MTS;;3;;
SIDERURGICO;;195;;1108022;;null;;TUBO ESTRUCTURAL RECT 100X40X2.00MMX6MTS;;172;;
SIDERURGICO;;196;;1108021;;10706003;;TUBO ESTRUCTURAL RECT 100X40X2.25MMX6MTS;;3;;
SIDERURGICO;;197;;1108002;;null;;TUBO ESTRUCTURAL RECT 120X60X2.50MMX6MTS;;35;;
SIDERURGICO;;198;;1108017;;000100;;TUBO ESTRUCTURAL RECT 140X60X3MMX6MTS;;29;;
SIDERURGICO;;199;;1108007;;null;;TUBO ESTRUCTURAL RECT 160X65X3MMX6MTS;;5;;
SIDERURGICO;;200;;1108006;;10706463;;TUBO ESTRUCTURAL RECT 180X65X3MMX6MTS;;22;;
SIDERURGICO;;201;;1108024;;null;;TUBO ESTRUCTURAL RECT 80X40X2.00MMX6MTS;;119;;
SIDERURGICO;;202;;1108001;;null;;TUBO ESTRUCTURAL RECT 80X40X2.20MMX6MTS;;34;;
SIDERURGICO;;203;;1108027;;10706270;;TUBO ESTRUCTURAL RECT 80X40X2.40MMX6MTS;;40;;
SIDERURGICO;;204;;1122015;;null;;TUBO GALVANIZADO P/CERCA 1-1/4X0.90MMX6.60MTS;;36;;
SIDERURGICO;;205;;1122017;;null;;TUBO GALVANIZADO P/CERCA 2"X0.90MMX2.20MTS;;57;;
SIDERURGICO;;206;;1122016;;null;;TUBO GALVANIZADO P/CERCA 2"X0.90MMX6.60MTS;;51;;
SIDERURGICO;;207;;1117030;;null;;TUBO RECTANGULAR 1"X1/2"X0.90X6MTS;;61;;
SIDERURGICO;;208;;1117008;;null;;TUBO RECTANGULAR 1-1/2"X1"X0.90X6MTS;;44;;
SIDERURGICO;;209;;1117007;;000040;;TUBO RECTANGULAR 1-1/2"X1/2"X0.90X6MTS;;18;;
SIDERURGICO;;210;;1117036;;null;;TUBO RECTANGULAR 1-1/2"X3/4"X1.00X6MTS;;60;;
SIDERURGICO;;211;;1117037;;null;;TUBO RECTANGULAR 1-3/4"X1/2"X1.00X6MTS;;95;;
SIDERURGICO;;212;;1117003;;10704281;;TUBO RECTANGULAR 2"X1"X0.70X6MTS;;26;;
SIDERURGICO;;213;;1117027;;000050;;TUBO RECTANGULAR 2"X1"X0.80X6MTS;;391;;
SIDERURGICO;;214;;1117005;;000020;;TUBO RECTANGULAR 2"X1"X0.90X6MTS;;562;;
SIDERURGICO;;215;;1117006;;70;;TUBO RECTANGULAR 2"X1"X1.10X6MTS;;34;;
SIDERURGICO;;216;;1117042;;10704273;;TUBO RECTANGULAR 2"X1"X1.20X6MTS;;136;;
SIDERURGICO;;217;;1117043;;10704037;;TUBO RECTANGULAR 2"X1"X1.40X6MTS;;122;;
SIDERURGICO;;218;;1117034;;null;;TUBO RECTANGULAR 2"X1"X1.50X6MTS;;13;;
SIDERURGICO;;219;;1117039;;null;;TUBO RECTANGULAR 2"X1"X2.00X6MTS;;65;;
SIDERURGICO;;220;;1117021;;49;;TUBO RECTANGULAR 2"X1-1/2"X1.00X6MTS;;3;;
SIDERURGICO;;221;;1117033;;null;;TUBO RECTANGULAR 2-1/2"X1"X0.80X6MTS;;1;;
SIDERURGICO;;222;;1117009;;null;;TUBO RECTANGULAR 2-1/2"X1"X1.00X6MTS;;44;;
SIDERURGICO;;223;;1117010;;000090;;TUBO RECTANGULAR 2-1/2"X1-1/2"X1.00X6MTS;;5;;
SIDERURGICO;;224;;1117044;;10704132;;TUBO RECTANGULAR 2-1/2"X1-1/2"X1.20X6MTS;;103;;
SIDERURGICO;;225;;1117045;;10704059;;TUBO RECTANGULAR 2-1/2"X1-1/2"X1.40X6MTS;;102;;
SIDERURGICO;;226;;1117038;;null;;TUBO RECTANGULAR 2-1/2"X1-1/2"X2.25X6MTS;;113;;
SIDERURGICO;;227;;1117013;;000030;;TUBO RECTANGULAR 3"X1"X0.90X6MTS;;143;;
SIDERURGICO;;228;;1117015;;null;;TUBO RECTANGULAR 3"X1"X1.00X6MTS;;37;;
SIDERURGICO;;229;;1117014;;TR311106;;TUBO RECTANGULAR 3"X1"X1.10X6MTS;;63;;
SIDERURGICO;;230;;1117025;;null;;TUBO RECTANGULAR 3"X1"X1.20X6MTS;;89;;
SIDERURGICO;;231;;1117001;;null;;TUBO RECTANGULAR 3"X1"X1.50X6MTS;;50;;
SIDERURGICO;;232;;1117046;;10704224;;TUBO RECTANGULAR 3"X1"X2.00X6MTS;;48;;
SIDERURGICO;;233;;1117029;;000060;;TUBO RECTANGULAR 3"X1-1/2"X0.90X6MTS;;337;;
SIDERURGICO;;234;;1117040;;null;;TUBO RECTANGULAR 3"X1-1/2"X1.10X6MTS;;1;;
SIDERURGICO;;235;;1117041;;null;;TUBO RECTANGULAR 3"X1-1/2"X2.00X6MTS;;65;;
SIDERURGICO;;236;;1117024;;10704111;;TUBO RECTANGULAR 4"X2"X1.50X6MTS;;2;;
SIDERURGICO;;237;;1122007;;10709135;;TUBO REDONDO H.N VENTILACION 1/2X2.00MMX6MTS;;61;;
SIDERURGICO;;238;;1122008;;10709137;;TUBO REDONDO H.N VENTILACION 3/4X2.00MMX6MTS;;107;;
SIDERURGICO;;239;;1122014;;null;;TUBO REDONDO H.N VENTILACION 3/4X2.20MMX6MTS;;1;;
SIDERURGICO;;240;;1122001;;null;;TUBO REDONDO H.N. VENTILACION 1"X2.00MMX6MTS;;121;;
SIDERURGICO;;241;;1122011;;10709143;;TUBO REDONDO H.N. VENTILACION 1-1/2"X2.00MMX6MTS;;119;;
SIDERURGICO;;242;;1122019;;null;;TUBO REDONDO H.N. VENTILACION 1-1/2"X2.20MMX6MTS;;30;;
SIDERURGICO;;243;;1122018;;null;;TUBO REDONDO H.N. VENTILACION 1-1/2"X2.50MMX6MTS;;16;;
SIDERURGICO;;244;;1122023;;null;;TUBO REDONDO H.N. VENTILACION 1-1/4"X1.80MMX6MTS;;88;;
SIDERURGICO;;245;;1122013;;10709141;;TUBO REDONDO H.N. VENTILACION 1-1/4"X2.00MMX6MTS;;31;;
SIDERURGICO;;246;;1122024;;null;;TUBO REDONDO H.N. VENTILACION 2"X1.80MMX6MTS;;45;;
SIDERURGICO;;247;;1122021;;null;;TUBO REDONDO H.N. VENTILACION 2"X2.00MMX6MTS;;9;;
SIDERURGICO;;248;;1122012;;null;;TUBO REDONDO H.N. VENTILACION 2"X2.50MMX6MTS;;39;;
SIDERURGICO;;249;;1122020;;null;;TUBO REDONDO H.N. VENTILACION 2-1/2"X2.60MMX6MTS;;37;;
SIDERURGICO;;250;;1122009;;null;;TUBO REDONDO H.N. VENTILACION 3/4X0.90MMX6MTS;;1;;
SIDERURGICO;;251;;1122022;;10707013;;TUBO REDONDO H.P. 1-1/4"X0.90MMX6MTS;;68;;
SIDERURGICO;;252;;1102003;;null;;VIGA IPN 100MMX6MTS;;46;;
SIDERURGICO;;253;;1102004;;null;;VIGA IPN 120MMX6MTS;;20;;
SIDERURGICO;;254;;1102001;;null;;VIGA IPN 140MMX6MTS;;9;;
SIDERURGICO;;255;;1102007;;null;;VIGA UPL 120MMX6MTS;;7;;
SIDERURGICO;;256;;1102008;;null;;VIGA UPL 140MMX6MTS;;10;;
SIDERURGICO;;257;;1102005;;null;;VIGA UPL 80MMX6MTS;;15;;
TUBRICA;;1;;2030052;;1010001215;;MANGUERA D/RIEGO 50MMX90PSI (2") X 100MTS NEGRO TUBRICA;;2;;
TUBRICA;;2;;2007046;;1010001142;;PUNTA LAPIZ PVC POZO 141MM X 1MT HR NEGRO TUBRICA;;2;;
TUBRICA;;3;;2007043;;1010000593;;PUNTA LAPIZ PVC POZO 160MM X 1MT HR NEGRO TUBRICA;;2;;
TUBRICA;;4;;2007049;;1010000594;;PUNTA LAPIZ PVC POZO 200MM X 1MT HR NEGRO TUBRICA;;1;;
TUBRICA;;5;;2007008;;1010000037;;TUBO CPVC A.C 1/2"X3MTS TUBRICA;;173;;
TUBRICA;;6;;2007014;;1010000038;;TUBO CPVC A.C 3/4"X3MTS TUBRICA;;29;;
TUBRICA;;7;;1002029;;1010000167;;TUBO P/ELEC PVC CONDUIT 1"X1.52MMX3MTS EXC TUBRICA;;348;;
TUBRICA;;8;;1002035;;1010000975;;TUBO P/ELEC PVC CONDUIT 1"X3MTS EXC NEGRO TUBRICA;;151;;
TUBRICA;;9;;1002023;;1010000969;;TUBO P/ELEC PVC CONDUIT 1/2"X3MTS EXC NEGRO TUBRICA;;3098;;
TUBRICA;;10;;1002033;;1010000165;;TUBO P/ELEC PVC CONDUIT 1/2"X3MTS EXC TUBRICA;;2885;;
TUBRICA;;11;;1002031;;1010000168;;TUBO P/ELEC PVC CONDUIT 1-1/2"X3MTS EXC TUBRICA;;280;;
TUBRICA;;12;;1002043;;null;;TUBO P/ELEC PVC CONDUIT 1-1/2"X3MTS NEGRO EXC TUBRICA;;3;;
TUBRICA;;13;;1002039;;1002039;;TUBO P/ELEC PVC CONDUIT 2" X 3MTS EXC NEGRO TUBRICA;;5;;
TUBRICA;;14;;1002032;;1010000169;;TUBO P/ELEC PVC CONDUIT 2" X 3MTS EXC TUBRICA;;97;;
TUBRICA;;15;;1002034;;1010000170;;TUBO P/ELEC PVC CONDUIT 3" X 3MTS EXC TUBRICA;;86;;
TUBRICA;;16;;1002030;;1010000166;;TUBO P/ELEC PVC CONDUIT 3/4"X1.52MX3MTS EXC TUBRICA;;2267;;
TUBRICA;;17;;1002024;;1010000972;;TUBO P/ELEC PVC CONDUIT 3/4"X3MTS EXC NEGRO TUBRICA;;2301;;
TUBRICA;;18;;1002044;;1010001066;;TUBO P/ELEC PVC CONDUIT ECO BLANCO 1/2"X3MTS EXC TUBRICA;;1477;;
TUBRICA;;19;;1002045;;1010001065;;TUBO P/ELEC PVC CONDUIT ECO BLANCO 3/4"X3MTS EXC TUBRICA;;1487;;
TUBRICA;;20;;2007029;;1010001808;;TUBO PPR 20MM"X3MTS SDR6 S2.5 PN25.7 EXE TUBRICA;;82;;
TUBRICA;;21;;2007030;;1010001810;;TUBO PPR 20MM"X6MTS SDR6 S2.5 PN25.7 EXE TUBRICA;;33;;
TUBRICA;;22;;2007035;;1010001805;;TUBO PPR 20MMX3MTS SDR9 S4 PN16 EXE TUBRICA;;74;;
TUBRICA;;23;;2007037;;1010001807;;TUBO PPR 20MMX6MTS SDR9 S4 PN16 EXE TUBRICA;;30;;
TUBRICA;;24;;2007031;;1010001814;;TUBO PPR 25MM"X3MTS SDR6 S2.5 PN25.7 EXE TUBRICA;;18;;
TUBRICA;;25;;2007036;;1010001811;;TUBO PPR 25MMX3MTS SDR9 S4 PN16 EXE TUBRICA;;36;;
TUBRICA;;26;;2007032;;1010001816;;TUBO PPR 25MMX6MTS SDR6 S2.5 PN25.7 EXE TUBRICA;;60;;
TUBRICA;;27;;2007038;;1010001813;;TUBO PPR 25MMX6MTS SDR9 S4 PN16 EXE TUBRICA;;4;;
TUBRICA;;28;;2007033;;1010001820;;TUBO PPR 32MMX3MTS SDR6 S2.5 PN25.7 EXE TUBRICA;;35;;
TUBRICA;;29;;2007040;;1010001817;;TUBO PPR 32MMX3MTS SDR9 S4 PN16 EXE TUBRICA;;1;;
TUBRICA;;30;;2007034;;1010001822;;TUBO PPR 32MMX6MTS SDR6 S2.5 PN25.7 EXE TUBRICA;;10;;
TUBRICA;;31;;2007026;;1010000930;;TUBO PVC A.B 1"X6MTS AZUL MRXMR TUBRICA;;34;;
TUBRICA;;32;;2007021;;1010001136;;TUBO PVC A.B 1/2"X6MTS AZUL MRXMR TUBRICA;;201;;
TUBRICA;;33;;2007025;;1010001118;;TUBO PVC A.B 2"X6MTS AZUL MRXMR TUBRICA;;16;;
TUBRICA;;34;;2007020;;1010001163;;TUBO PVC A.B 3/4"X6MTS AZUL MRXMR TUBRICA;;72;;
TUBRICA;;35;;2007050;;1010000009;;TUBO PVC A.F 1"X6MTS RDE13.5 TUBRICA;;128;;
TUBRICA;;36;;2007027;;1010001036;;TUBO PVC A.F 1/2"X1MTS RDE9 EXE TUBRICA;;285;;
TUBRICA;;37;;2007022;;1010000007;;TUBO PVC A.F 1/2"X6MTS RDE9 TUBRICA;;1203;;
TUBRICA;;38;;2007013;;1010000004;;TUBO PVC A.F 2"X3MTS RDE17 EXE TUBRICA;;1;;
TUBRICA;;39;;2007019;;1010000011;;TUBO PVC A.F 2"X6MTS RDE17 TUBRICA;;21;;
TUBRICA;;40;;2007051;;1010000013;;TUBO PVC A.F 3"X6MTS RDE21 TUBRICA;;29;;
TUBRICA;;41;;2007028;;1010001037;;TUBO PVC A.F 3/4"X1MTS RDE11 EXE TUBRICA;;295;;
TUBRICA;;42;;2007023;;1010000008;;TUBO PVC A.F 3/4"X6MTS RDE11 EXE TUBRICA;;435;;
TUBRICA;;43;;2007052;;1010000014;;TUBO PVC A.F 4"X6MTS RDE21 TUBRICA;;7;;
TUBRICA;;44;;2002027;;1010000261;;TUBO PVC A.N 110MM (4") X 2.20MMX3MTS NORMA TUBRICA;;195;;
TUBRICA;;45;;2002031;;1010000262;;TUBO PVC A.N 160MM (6") 3MTS NORMA EXC TUBRICA;;75;;
TUBRICA;;46;;2002033;;1010000264;;TUBO PVC A.N 250MM (10") X 4.9MMX3MTS TUBRICA;;4;;
TUBRICA;;47;;2002032;;1010000259;;TUBO PVC A.N 50MM (2") 3MTS NORMA EXC TUBRICA;;463;;
TUBRICA;;48;;2002024;;1010000260;;TUBO PVC A.N 75MM (3") X 1.80MMX3MTS NORMA EXC TUBRICA;;215;;
TUBRICA;;49;;2002028;;1010001198;;TUBO PVC A.N. ECOTUBO EXC 110MM (4") TUBRICA;;941;;
TUBRICA;;50;;2002037;;1010001236;;TUBO PVC A.N. ECOTUBO EXC 160MM (6") TUBRICA;;111;;
TUBRICA;;51;;2002029;;1010001196;;TUBO PVC A.N. ECOTUBO EXC 50MM (2") TUBRICA;;1261;;
TUBRICA;;52;;2002030;;1010001197;;TUBO PVC A.N. ECOTUBO EXC 75MM (3") TUBRICA;;347;;
TUBRICA;;53;;2007044;;1010001140;;TUBO PVC POZO CIEGO 141MM X 3MTS MRXHR NEGRO TUBRICA;;33;;
TUBRICA;;54;;2007041;;1010000095;;TUBO PVC POZO CIEGO 160MM X 6MTS MRXHR NEGRO TUBRICA;;30;;
TUBRICA;;55;;2007047;;1010000096;;TUBO PVC POZO CIEGO 200MM X 6MTS MRXHR NEGRO TUBRICA;;11;;
TUBRICA;;56;;2007045;;1010001141;;TUBO PVC POZO RANURADO 141MM X 3MTS MRXHR NEGRO TUBRICA;;16;;
TUBRICA;;57;;2007042;;1010000107;;TUBO PVC POZO RANURADO 160MM X 6MTS MRXHR NEGRO TUBRICA;;16;;
TUBRICA;;58;;2007048;;1010000108;;TUBO PVC POZO RANURADO 200MM X 6MTS MRXHR NEGRO TUBRICA;;6;;
RESINCA;;1;;9069516;;01200148;;BATEA PLASTICA LAVAFACIL 57 RESINCA;;8;;
RESINCA;;2;;9018178;;00300005;;BEBEDERO RECTANGULAR 1000LTS NEGRO RESINCA;;1;;
RESINCA;;3;;9018179;;00300007;;BEBEDERO RECTANGULAR 1500LTS NEGRO RESINCA;;4;;
RESINCA;;4;;9017231;;00500001;;CISTERNA AZUL 1200LTS (00500001) RESINCA;;3;;
RESINCA;;5;;9017232;;00500002;;CISTERNA AZUL 2000LTS (00500002) RESINCA;;1;;
RESINCA;;6;;9018180;;00300001;;COMEDERO RECTANGULAR 2.4 NEGRO RESINCA;;1;;
RESINCA;;7;;9018212;;01001004;;TANQUE CILINDRICO DISPENSER 35GAL AZUL RESINCA;;4;;
RESINCA;;8;;9018183;;01001001;;TANQUE CILINDRICO LISO 1000LT AZUL RESINCA;;9;;
RESINCA;;9;;9018184;;01001020;;TANQUE CILINDRICO LISO 1200LT AZUL RESINCA;;7;;
RESINCA;;10;;9018187;;01001035;;TANQUE CILINDRICO LISO 250LT AZUL RESINCA;;8;;
RESINCA;;11;;9018207;;01200247-440;;TANQUE CILINDRICO LISO 440LT AZUL RESINCA;;9;;
RESINCA;;12;;9018181;;01001010;;TANQUE CILINDRICO LISO 460LT AZUL RESINCA;;10;;
RESINCA;;13;;9018182;;01001013;;TANQUE CILINDRICO LISO 540LT AZUL RESINCA;;9;;
RESINCA;;14;;9018208;;01200247-560;;TANQUE CILINDRICO LISO 560LT AZUL RESINCA;;10;;
RESINCA;;15;;9018209;;01200247-770;;TANQUE CILINDRICO LISO 770LT AZUL RESINCA;;10;;
RESINCA;;16;;9018210;;01200247-870;;TANQUE CILINDRICO LISO 870LT AZUL RESINCA;;10;;
RESINCA;;17;;9018211;;01200247-970;;TANQUE CILINDRICO LISO 970LT AZUL RESINCA;;10;;
RESINCA;;18;;9018189;;9018189;;TANQUE CONICO 500LT NEGRO RESINCA;;13;;
RESINCA;;19;;9018215;;00801004;;TANQUE EURO 1100LTS AZUL RESINCA;;20;;
RESINCA;;20;;9018216;;00801006;;TANQUE EURO 1300LTS AZUL RESINCA;;10;;
RESINCA;;21;;9018176;;00801008;;TANQUE EURO 3000LTS AZUL RESINCA;;2;;
RESINCA;;22;;9018186;;00801016;;TANQUE EURO 300LTS AZUL RESINCA;;30;;
RESINCA;;23;;9018177;;00801010;;TANQUE EURO 5000LTS AZUL RESINCA;;2;;
RESINCA;;24;;9018174;;00801014;;TANQUE EURO 500LTS AZUL RESINCA;;20;;
RESINCA;;25;;9018175;;00801012;;TANQUE EURO 700LTS AZUL RESINCA;;20;;
RESINCA;;26;;9018214;;00801002;;TANQUE EURO 900LTS AZUL RESINCA;;27;;
RESINCA;;27;;9017238;;00500003;;TANQUE HORIZONTAL GRIS 1200LTS GASOIL (00500003) RESINCA;;1;;
RESINCA;;28;;9018217;;00900019;;TANQUE JUMBO AZUL 1100LT C/CONEXION RESINCA;;4;;
RESINCA;;29;;9018018;;00900006;;TANQUE JUMBO AZUL 1200LT C/CONEXION RESINCA;;1;;
RESINCA;;30;;9018218;;00900015;;TANQUE JUMBO AZUL 1400LT C/CONEXION RESINCA;;4;;
RESINCA;;31;;9018219;;00901047;;TANQUE JUMBO AZUL 1750LT C/CONEXION RESINCA;;5;;
RESINCA;;32;;9018020;;00900011;;TANQUE JUMBO AZUL 2000LT C/CONEXION RESINCA;;3;;
RESINCA;;33;;9018220;;00900027;;TANQUE JUMBO AZUL 2700LT C/CONEXION RESINCA;;4;;
RESINCA;;34;;9018185;;00900021;;TANQUE JUMBO AZUL 750LT C/CONEXION RESINCA;;6;;
RESINCA;;35;;9018205;;00902034;;TANQUE JUMBO AZUL MULTIUSO 4700LT C/CONEXION RESINCA;;1;;
RESINCA;;36;;9018021;;00901023;;TANQUE JUMBO P/GASOIL INDUSTRIAL 1200LT C/CONEXION RESINCA;;1;;
RESINCA;;37;;9018213;;01200194;;TANQUE TOBOTON MULTIUSO 110LT AZUL RESINCA;;4;;
PEGAMAS;;1;;6012017;;null;;ESTUCO STUKOMAS BLANCO 8 KG PEGAMAS;;405;;
PEGAMAS;;2;;6012023;;null;;ESTUCO STUKOMAS GRIS 12 KG PEGAMAS;;104;;
PEGAMAS;;3;;6012263;;null;;GRAFIADO AMARILLO ORO SACO 20KG PEGAMAS;;11;;
PEGAMAS;;4;;6012276;;null;;GRAFIADO AZUL CLARO SACO 20KG PEGAMAS;;4;;
PEGAMAS;;5;;6012268;;null;;GRAFIADO AZUL SACO 20KG PEGAMAS;;5;;
PEGAMAS;;6;;6012260;;null;;GRAFIADO BEIGE SACO 20KG PEGAMAS;;7;;
PEGAMAS;;7;;6012257;;null;;GRAFIADO BLANCO SACO 20KG PEGAMAS;;42;;
PEGAMAS;;8;;6012261;;null;;GRAFIADO CREMA SACO 20KG PEGAMAS;;7;;
PEGAMAS;;9;;6012273;;null;;GRAFIADO GRIS MARINO SACO 20KG PEGAMAS;;6;;
PEGAMAS;;10;;6012264;;null;;GRAFIADO GRIS OSCURO SACO 20KG PEGAMAS;;1;;
PEGAMAS;;11;;6012258;;null;;GRAFIADO GRIS SACO 20KG PEGAMAS;;42;;
PEGAMAS;;12;;6012275;;null;;GRAFIADO LILA SACO 20KG PEGAMAS;;9;;
PEGAMAS;;13;;6012259;;null;;GRAFIADO MARFIL SACO 20KG PEGAMAS;;14;;
PEGAMAS;;14;;6012279;;null;;GRAFIADO MELON SACO 20KG PEGAMAS;;17;;
PEGAMAS;;15;;6012278;;null;;GRAFIADO NARANJA SACO 20KG PEGAMAS;;11;;
PEGAMAS;;16;;6012266;;null;;GRAFIADO ROJO LADRILLO SACO 20KG PEGAMAS;;20;;
PEGAMAS;;17;;6012289;;null;;GRAFIADO ROJO SACO 20KG PEGAMAS;;6;;
PEGAMAS;;18;;6012265;;null;;GRAFIADO VERDE ACEITUNA SACO 20KG PEGAMAS;;8;;
PEGAMAS;;19;;6012274;;null;;GRAFIADO VERDE BOSQUE SACO 20KG PEGAMAS;;5;;
PEGAMAS;;20;;6012277;;null;;GRAFIADO VERDE OLIVO SACO 20KG PEGAMAS;;5;;
PEGAMAS;;21;;6012267;;null;;GRAFIADO VINOTINTO SACO 20KG PEGAMAS;;11;;
PEGAMAS;;22;;5017002;;null;;GRAVILLA N°1 SACO 15KG PEGAMAS;;135;;
PEGAMAS;;23;;5017001;;null;;GRAVILLA N°2 SACO 15KG PEGAMAS;;146;;
PEGAMAS;;24;;5017003;;G3;;GRAVILLA N°3 SACO 15KG PEGAMAS;;167;;
VERONA;;1;;6006126;;6006126;;PORCELANATO 60X120 BAYSTONE GREY (CAJA 1.44 MTS2) LINCOLN VERONA;;33;;
VERONA;;2;;6006132;;6006132;;PORCELANATO 60X120 BRILLO SATVARIO (CAJA 1.44 MTS2) VELSSA VERONA;;91;;
VERONA;;3;;6006123;;6006123;;PORCELANATO 60X120 CREMA MARFIL (CAJA 1.44 MTS2) VELSSA VERONA;;6;;
VERONA;;4;;6006144;;GRECO ARGENT MATE;;PORCELANATO 60X120 GRECO ARGENT MATE (CAJA 1.44 MTS2) BESTILE VERONA;;60;;
VERONA;;5;;6006133;;6006133;;PORCELANATO 60X120 JACOB PEARL (CAJA 1.44 MTS2) VELSSA VERONA;;56;;
VERONA;;6;;6006125;;6006125;;PORCELANATO 60X120 LUNA NEGRO (CAJA 1.44 MTS2) LINCOLN VERONA;;4;;
VERONA;;7;;6006139;;NERO MARQUINA;;PORCELANATO 60X120 NERO MARQUINA (CAJA 1.44 MTS2) VELSSA VERONA;;99;;
VERONA;;8;;6006131;;6006131;;PORCELANATO 60X120 NERO SHADOW (CAJA 1.44 MTS2) VELSSA VERONA;;42;;
VERONA;;9;;6006130;;6006130;;PORCELANATO 60X120 ONYX EXPOSED (CAJA 1.44 MTS2) VELSSA VERONA;;8;;
VERONA;;10;;6006129;;6006129;;PORCELANATO 60X120 TRAVERTINE TITANIUM (CAJA 1.44 MTS2) VELSSA VERONA;;94;;
VERONA;;11;;6006142;;TRAVERTINO BEIGE MATE;;PORCELANATO 60X120 TRAVERTINO BEIGE MATE (CAJA 1.44 MTS2) BESTILE VERONA;;59;;
VERONA;;12;;6006141;;TRAVERTINO BLANCO MATE;;PORCELANATO 60X120 TRAVERTINO BLANCO MATE (CAJA 1.44 MTS2) BESTILE VERONA;;64;;
VERONA;;13;;6006140;;TRAVERTINO GRIS MATE;;PORCELANATO 60X120 TRAVERTINO GRIS MATE (CAJA 1.44 MTS2) BESTILE VERONA;;63;;
VERONA;;14;;6006135;;2018-G;;PORCELANATO 60X60 2018-G (CAJA 1.44 MTS2) VELSSA VERONA;;1;;
VERONA;;15;;6006118;;6006118;;PORCELANATO 60X60 ALPINUS SATUARIO (CAJA 1.44 MTS2) VELSSA VERONA;;2;;
VERONA;;16;;6006121;;6006121;;PORCELANATO 60X60 CALACATTA (CAJA 1.44 MTS2) LINCOLN VERONA;;2;;
VERONA;;17;;6006117;;6006117;;PORCELANATO 60X60 CREMA ITALIA (CAJA 1.44 MTS2) VELSSA VERONA;;1;;
VERONA;;18;;6006128;;6006128;;PORCELANATO 60X60 CREMA MARFIL (CAJA 1.44 MTS2) VELSSA VERONA;;3;;
VERONA;;19;;6006119;;6006119;;PORCELANATO 60X60 MESA BEIGE (CAJA 1.44 MTS2) VELSSA VERONA;;3;;
VERONA;;20;;6006120;;6006120;;PORCELANATO 60X60 ROYAL SATUARIO (CAJA 1.44 MTS2) VELSSA VERONA;;2;;
VERONA;;21;;6006122;;6006122;;PORCELANATO 60X60 SAMRUI BLACK (CAJA 1.44 MTS2) LINCOLN VERONA;;4;;
VERONA;;22;;6006137;;SUPER BLACK;;PORCELANATO 60X60 SUPER BLACK (CAJA 1.44 MTS2) VELSSA VERONA;;232;;
VERONA;;23;;6006138;;SUPER WHITE;;PORCELANATO 60X60 SUPER WHITE (CAJA 1.44 MTS2) VELSSA VERONA;;232;;
PAVCO;;1;;2007007;;490020;;TUBO CPVC A.C 3/4"X3MTS PAVCO;;71;;
PAVCO;;2;;1002008;;015301;;TUBO P/ELEC PVC CONDUIT 1/2"X0.21MMX3MTS PAVCO;;2;;
PAVCO;;3;;1002026;;015305;;TUBO P/ELEC PVC CONDUIT 1-1/2"X3MTS. PAVCO;;1;;
PAVCO;;4;;1002027;;15307;;TUBO P/ELEC PVC CONDUIT 3"X3MTS. PAVCO;;4;;
PAVCO;;5;;1002009;;015302;;TUBO P/ELEC PVC CONDUIT 3/4"X1.52MMX3MTS PAVCO;;140;;
PAVCO;;6;;2007003;;018007;;TUBO PVC A.F 1"X6MTS PAVCO;;77;;
PAVCO;;7;;2007016;;018045;;TUBO PVC A.F 1-1/2"X6MTS PAVCO;;32;;
PAVCO;;8;;2007002;;018003;;TUBO PVC A.F 3/4"X6MTS PAVCO;;75;;
PAVCO;;9;;2002005;;007011;;TUBO PVC A.N. 50MM (2") X 1.8MMX3MTS. PAVCO;;55;;
PAVCO;;10;;2007011;;928701;;TUBO PVC A.N. ECOLOGICO 110MM (4") PAVCO;;1;;
CINDU;;1;;5004119;;CINDUCOT_T25;;ASFALTO OXIDADO CINDUCOAT 230 25KG CINDU;;9;;
CINDU;;2;;5004095;;CINDUCOAT_T;;ASFALTO OXIDADO CINDUCOAT 230 45KG CINDU;;11;;
CINDU;;3;;5003016;;NOVACAPA_MIN;;MANTO ASFALTICO 270 2.7MM CINDU;;144;;
CINDU;;4;;5003015;;NOVACAPA_MIN;;MANTO ASFALTICO 350 3.2MM CINDU;;209;;
CINDU;;5;;5003014;;UNICAPA_MIN;;MANTO ASFALTICO 450 4.2MM CINDU;;3;;
CINDU;;6;;5003025;;EKOTEJA_AO;;TEJA ASFALTICA HEXAGONAL 3MM AZUL OPACO EKOTEJA CINDU;;8;;
CINDU;;7;;5003023;;EKOTEJA-RL;;TEJA ASFALTICA HEXAGONAL 3MM ROJO LADRILLO EKOTEJA CINDU;;21;;
CINDU;;8;;5003024;;EKOTEJA-VO;;TEJA ASFALTICA HEXAGONAL 3MM VERDE OPACO EKOTEJA CINDU;;22;;
PEGA PISO;;1;;6012270;;null;;ESTUCO AMARILLO 15KG PEGA PISO;;5;;
PEGA PISO;;2;;6012269;;null;;ESTUCO BLANCO 15KG PEGA PISO;;4;;
PEGA PISO;;3;;5017005;;null;;GRANITO N°2 SACO 25KG;;7;;
PEGA PISO;;4;;5017006;;null;;GRANITO N°3 SACO 25KG;;20;;
PEGA PISO;;5;;5017007;;null;;GRANITO N°4 SACO 25KG;;11;;
PEGA PISO;;6;;5017008;;null;;GRANITO N°5 SACO 25KG;;12;;
PEGA PISO;;7;;5001413;;null;;PEGO BLANCO 13KG PEGAPISO;;1;;
PEGA PISO;;8;;5001412;;null;;PEGO GRIS 13KG PEGAPISO;;1;;
ZAFIRO;;1;;6006152;;CARRARA ICE;;PORCELANATO 60X120 CARRACA ICE (CAJA 1.44 MTS2) ZAFIRO;;68;;
ZAFIRO;;2;;6006155;;GL-CLOBBER BIANCO;;PORCELANATO 60X120 CLOBBER BIANCO (CAJA 1.44 MTS2) ZAFIRO;;66;;
ZAFIRO;;3;;6006150;;GL-PERLATO ROYAL CREMA;;PORCELANATO 60X120 PERLATO ROYAL CREMA (CAJA 1.44 MTS2) ZAFIRO;;64;;
ZAFIRO;;4;;6006153;;AG-00256;;PORCELANATO 60X120 PREMIUM BATCH P-27 (CAJA 1.44 MTS2) ZAFIRO;;67;;
ZAFIRO;;5;;6006154;;GL-SIFON BIANCO;;PORCELANATO 60X120 SIFON BIANCO (CAJA 1.44 MTS2) ZAFIRO;;52;;
ZAFIRO;;6;;6006151;;AQ-21061;;PORCELANATO 60X120 STD BATCH P-28 (CAJA 1.44 MTS2) ZAFIRO;;66;;
ZAFIRO;;7;;6006148;;GL-TRAVO BEIGE;;PORCELANATO 60X120 TRAVO BEIGE (CAJA 1.44 MTS2) ZAFIRO;;64;;
ZAFIRO;;8;;6006149;;GL-TRAVO GREY;;PORCELANATO 60X120 TRAVO GREY (CAJA 1.44 MTS2) ZAFIRO;;61;;
URAPLAST;;1;;1002003;;TUB9409;;TUBO P/ELEC PVC CONDUIT 1"X1.2X3MTS URAPLAST;;5;;
URAPLAST;;2;;1002004;;TUB9412;;TUBO P/ELEC PVC CONDUIT 1-1/2"X1.2X3MTS URAPLAST;;1;;
URAPLAST;;3;;1002002;;TUB9406;;TUBO P/ELEC PVC CONDUIT 3/4"X1.2X3MTS URAPLAST;;1;;
URAPLAST;;4;;2003006;;TUB9118;;TUBO PVC A.B 1"X6MTS (SCH80) AZUL URAPLAST;;5;;
URAPLAST;;5;;2003007;;TUB9130;;TUBO PVC A.B 1-1/2"X6MTS (SCH80) AZUL URAPLAST;;5;;
URAPLAST;;6;;2002009;;TUB9310;;TUBO PVC A.N. 250MM (10") X 4.9MMX3MTS. URAPLAST;;6;;
URAPLAST;;7;;2002001;;TUB9302;;TUBO PVC A.N. 50MM (2") X 1.8MMX3MTS. URAPLAST;;212;;
MARBELLA;;1;;6006109;;null;;CERAMICA MARBELLA APURE 1.66M² X CAJA;;8;;
MARBELLA;;2;;6006115;;null;;CERAMICA MARBELLA MOSAICO CAOBA 1.66M² X CAJA;;1;;
MARBELLA;;3;;6006114;;null;;CERAMICA MARBELLA MOSAICO OSTRA 1.66M² X CAJA;;3;;
MARBELLA;;4;;6006111;;null;;CERAMICA MARBELLA PIEDRA MOSTAZA 1.66M² X CAJA;;23;;
MARBELLA;;5;;6006157;;null;;CERAMICA MOCHIMA 33X33 1.66M² X CAJA MARBELLA;;50;;
MARBELLA;;6;;6006158;;null;;CERAMICA YURUBI 33X33 1.66M² X CAJA MARBELLA;;26;;
CLASSIC LUX;;1;;1002017;;TEMT-06;;TUBO GALV EMT P/ELECTRICIDAD 1"X3MTS (TEMT-06) CLASSIC LUX;;30;;
CLASSIC LUX;;2;;1002015;;TEMT-01;;TUBO GALV EMT P/ELECTRICIDAD 1/2"X3MTS (TEMT-01) CLASSIC LUX;;71;;
CLASSIC LUX;;3;;1002038;;TEMT-09;;TUBO GALV EMT P/ELECTRICIDAD 1-1/2"X3MTS (TEMT-09) CLASSIC LUX;;10;;
CLASSIC LUX;;4;;1002019;;TEMT-12;;TUBO GALV EMT P/ELECTRICIDAD 2"X3MTS (TEMT-12) CLASSIC LUX;;4;;
CLASSIC LUX;;5;;1002016;;TEMT-04;;TUBO GALV EMT P/ELECTRICIDAD 3/4"X3MTS (TEMT-04) CLASSIC LUX;;41;;
DECO GLASS;;1;;9018120;;DGP-MG-1000;;TANQUE HORIZONTAL MOD 1000 DECO GLASS;;1;;
DECO GLASS;;2;;9018133;;DGP-MG-0500;;TANQUE HORIZONTAL MOD 500 DECO GLASS;;3;;
DECO GLASS;;3;;9018077;;DGP-B-01500;;TANQUE LIDER 1500LT AZUL DECO GLASS;;8;;
DECO GLASS;;4;;9018074;;DGP-B-00600;;TANQUE LIDER 600LT AZUL DECO GLASS;;2;;
DECO GLASS;;5;;9018135;;DGP-C-01200;;TANQUE SUPER LIDER 1200LT DECO GLASS;;1;;
PROALVALCA;;1;;9006013;;PRO0003OM;;TUBO RED. ESTRIADO 1"X6MTS. ORO MATE PROALVALCA;;2;;
PROALVALCA;;2;;9006008;;PRO0001OM;;TUBO RED. ESTRIADO 1/2"X6MTS. ORO MATE PROALVALCA;;81;;
PROALVALCA;;3;;9006009;;PRO516OM6;;TUBO RED. LISO 1"X6MTS. ORO MATE PROALVALCA;;10;;
PROALVALCA;;4;;9006012;;PRO502N6;;TUBO RED. LISO 1/2"X6MTS. NATURAL (PRO502N6) PROALVALCA;;14;;
PROALVALCA;;5;;9006011;;PRO502OM6;;TUBO RED. LISO 1/2"X6MTS. ORO MATE (PRO502OM6) PROALVALCA;;59;;
VICSON;;1;;5018007;;93060021;;KIT ACCESORIOS P/CERCA PRO ECO GALV/PVC VERDE VICSON;;121;;
VICSON;;2;;5011019;;35602900;;MALLA ALFAJOL CAL 2.90 70MM 25X1.80MTS VICSON;;6;;
VICSON;;3;;5018001;;93060019;;MALLA CERCA PRO ECO 2.08 X 2.50 MTS GALV/PVC VERDE VICSON;;120;;
VICSON;;4;;5011003;;58302940;;MALLA UNIMALLA 1.18X50MTS CAL 11/14 VICSON;;2;;
VICSON;;5;;5018006;;93060022;;POSTE P/CERCA PRO ECO 60X60X1.5X2.60 MTS GALV/PVC VERDE VICSON;;121;;
EDIL;;1;;5003003;;332212;;MANTO ASFAL DURA ALUM AUT-ADH EDIL;;2;;
EDIL;;2;;5003005;;null;;TEJA ASFALTICA HEXAGONAL 3MM AZUL EDIL;;1;;
EDIL;;3;;5003004;;500335;;TEJA ASFALTICA HEXAGONAL 3MM ROJO EDIL;;1;;
EDIL;;4;;5003006;;500336;;TEJA ASFALTICA HEXAGONAL 3MM VERDE EDIL;;1;;
VENCEMOS;;1;;5001061;;200428;;CEMENTO BLANCO CPCA1 (21.25KG) VENCEMOS;;1;;
VENCEMOS;;2;;5001409;;null;;PEGO BLANCO 15KG VENCEMOS;;5;;
VENCEMOS;;3;;5001405;;200502;;PEGO GRIS 15KG VENCEMOS;;13;;
VENCEMOS;;4;;5001060;;200054;;YESO BLANCO TIPO 1 30KG (200054) VENCEMOS;;1;;
PRODIPLAST;;1;;1002037;;1002037;;TUBO P/ELEC PVC CONDUIT 1/2" X 3MTS PRODIPLAST;;2;;
PRODIPLAST;;2;;1002036;;1002036;;TUBO P/ELEC PVC CONDUIT 3/4" X 3MTS PRODIPLAST;;86;;
PRODIPLAST;;3;;2002035;;2002035;;TUBO POLIETILENO A.N. 2.3MM 110MM (4") PRODIPLAST;;225;;
PRODIPLAST;;4;;2002036;;null;;TUBO POLIETILENO A.N. 2.3MM 50MM (2") PRODIPLAST;;1;;
TODOCA;;1;;6012288;;null;;ESTUCO BLANCO 8KG TODOCA;;26;;
TODOCA;;2;;5001509;;null;;PEGO BLANCO 12KG TODOCA;;92;;
TODOCA;;3;;5001510;;5001510;;PEGO GRIS 12KG TODOCA;;5;;
LF;;1;;1002042;;08-013-047;;TUBO GALV EMT P/ELECTRICIDAD 1"X3MTS LF;;70;;
LF;;2;;1002040;;08-013-045;;TUBO GALV EMT P/ELECTRICIDAD 1/2"X3MTS LF;;181;;
LF;;3;;1002041;;08-013-046;;TUBO GALV EMT P/ELECTRICIDAD 3/4"X3MTS LF;;56;;
ECOTEJA;;1;;1121037;;null;;LAMINA POLIPROPILENO ONDULADO ROJO 1.8MMX3.66MTS (12 PIE) ECOTEJA;;187;;
ECOTEJA;;2;;1121035;;null;;LAMINA POLIPROPILENO TRAPEZOIDAL ROJO 1.8MMX3.66MTS (12 PIE) ECOTEJA;;243;;
ECOTEJA;;3;;1121036;;null;;LAMINA POLIPROPILENO TRAPEZOIDAL VERDE 1.8MMX3.66MTS (12 PIE) ECOTEJA;;200;;
- Ningún fabricante -;;1;;6006156;;null;;CERAMICA GEORGE GREEN 33X33 1.66M² X CAJA REGINA;;60;;
- Ningún fabricante -;;2;;5001404;;null;;PEGO GRIS 15KG MASTER;;1;;
- Ningún fabricante -;;3;;5001407;;null;;PEGO GRIS 5KG.;;28;;
GENERICO;;1;;1002022;;null;;TUBO P/ELEC PVC CONDUIT 1"X3MTS. REFORZADO;;3;;
GENERICO;;2;;1002021;;null;;TUBO P/ELEC PVC CONDUIT 3/4"X3MTS. REFORZADO;;3;;
GENERICO;;3;;2003002;;null;;TUBO PLAST. A.B. 3/4"X6MTS. AZUL ECON.;;34;;
ALFA YESO;;1;;5001066;;null;;YESO BLANCO 10KG ALFA YESO;;1;;
ALFA YESO;;2;;5001067;;null;;YESO BLANCO 25KG SUPER YESO;;1;;
ALFA YESO;;3;;5001065;;null;;YESO BLANCO 5KG EL ORIENTAL;;1;;
AMGO;;1;;5001402;;null;;PEGO BLANCO 12KG AMGO;;51;;
AMGO;;2;;5001403;;null;;PEGO GRIS 12KG AMGO;;15;;
SOL CANAIMA;;1;;6012029;;null;;ESTUCO 8KG SOL CANAIMA;;2;;
SOL CANAIMA;;2;;5001406;;null;;PEGO GRIS 13.5KG SOL CANAIMA;;1;;
SANILITE;;1;;2002026;;974478;;TUBO PVC A.N. 50MM (2") X 3MTS. SANILITE;;28;;
SANILITE;;2;;2002025;;974531;;TUBO PVC A.N. 75MM (3") X 1.8MMX3MTS. SANILITE;;2;;
SUFEIN;;1;;5011011;;SUF570;;MALLA ELECTROSOLDADA C-12 2"X2"X2X2MTS. (PANEL) SUFEIN;;1;;
SUFEIN;;2;;5011012;;SUF575;;MALLA ELECTROSOLDADA C-12 4"X2"X2X2MTS. (PANEL) SUFEIN;;13;;
Q TANQUE;;1;;9018039;;CON-0360-73;;CONTENEDOR D/BASURA 360LT VERDE (CON-0360-73) Q TANQUE;;1;;
Q TANQUE;;2;;9018003;;TBA-0208-54;;TAMBOR ABIERTO 208LT AZUL OSCURO Q TANQUE;;2;;
MANAPLAS;;1;;9018022;;324-6030-0;;PIPOTE C/RUEDAS 200LTS GRIS/ROJO (6030-0) MANAPLAS;;6;;
SUPRACAL;;1;;5001009;;MV1005;;CAL EN POLVO 8KG. SUPRACAL;;2039;;
NEVERI;;1;;5001002;;null;;PEGO GRIS NEVERI;;1;;
SIKA;;1;;5004141;;122460;;SIKAGROUT 104 SACO 20KG (122460) SIKA;;13;;
MONART;;1;;6012016;;P-151-10;;PASTA PROF. T/ESTUCO 10KG. MONART;;2;;
TUBOTEC;;1;;2002016;;007002;;TUBO PVC A.N. 50MM (2") X 3MTS. TUBOTEC;;50;;
OCCIDENTE;;1;;5001502;;null;;OCCIFRISO GRIS  SACO 20KG OCCIDENTE;;1;;
ARGOS;;1;;5001068;;null;;CEMENTO BLANCO USO GRAL 20KG ARGOS;;633;;
TUBOMAX;;1;;2002020;;TN00101+;;TUBO PVC A.N. 50MM (2") TUBOMAX;;26;;
MORTEROS VENEZOLANOS;;1;;5001504;;IPG010;;MORTERO P/ALBAÑILERIA 20KG INSTALBLOQUE;;8;;
CONECTANDO;;1;;2025019;;CTV-D-01;;CANAL PVC 4"X3MTS CONECTANDO;;490;;
SANTA BARBARA;;1;;5015002;;null;;CAL EN POLVO 10KG SANTA BARBARA;;3;;
PIRAMIDE;;1;;5001506;;5001506;;YESO BLANCO 25KG PIRAMIDE;;1;;
